Sr No.,Name,Company Name,Address,Phone Number,Email
1,John Dolan,Doe Industries,712 Main Street Vancouver BC,604-555-1234,john.dolan@example.com
2,John Dolan,Doe Industries,712 Main Street Vancouver BC,604-555-1234,john.dolan@example.com
3,John Dolan,Doe Industries,712 Main Street Vancouver BC,604-555-1234,john.dolan@example.com
4,John Dolan,Doe Industries,712 Main Street Vancouver BC,604-555-1234,john.dolan@example.com
5,John Dolan,Doe Industries,712 Main Street Vancouver BC,604-555-1234,john.dolan@example.com
6,John Dolan,Doe Industries,712 Main Street Vancouver BC,604-555-1234,john.dolan@example.com
7,John Dolan,Doe Industries,712 Main Street Vancouver BC,604-555-1234,john.dolan@example.com
8,John Dolan,Doe Industries,712 Main Street Vancouver BC,604-555-1234,john.dolan@example.com
9,John Dolan,Doe Industries,712 Main Street Vancouver BC,604-555-1234,john.dolan@example.com
